{
  "posts": [
    {
      "title": "Bussiness Meeting",
      "task": "Client call for project issues",
      "date": "2022-10-29",
      "time": "09:04",
      "priority": "Medium",
      "id": 1
    },
    {
      "title": "Grocery Shop",
      "task": "Purchase necessary items for two days need",
      "date": "2022-10-30",
      "time": "22:00",
      "priority": "High",
      "id": 2
    },
    {
      "title": "Tournament for Val",
      "task": "Val monthly update will be happen for the 2 hours",
      "date": "2022-10-31",
      "time": "04:12",
      "priority": "Low",
      "id": 3
    },
    {
      "title": "Anew",
      "task": "al;;ldjal;",
      "date": "2022-10-29",
      "time": "17:10",
      "priority": "Low",
      "id": 4
    }
  ],
  "comments": [],
  "profile": {
    "name": "typicode"
  }
}